[
  {
    "file": "daily_games/Boston University_Lafayette.png",
    "label": "Lafayette at Boston University"
  },
  {
    "file": "daily_games/Wofford_Samford.png",
    "label": "Samford at Wofford"
  },
  {
    "file": "daily_games/USC Upstate_UNC Asheville.png",
    "label": "UNC Asheville at USC Upstate"
  },
  {
    "file": "daily_games/VMI_UNC Greensboro.png",
    "label": "UNC Greensboro at VMI"
  },
  {
    "file": "daily_games/La Salle_Dayton.png",
    "label": "Dayton at La Salle"
  },
  {
    "file": "daily_games/Winthrop_Radford.png",
    "label": "Radford at Winthrop"
  },
  {
    "file": "daily_games/American_Colgate.png",
    "label": "Colgate at American"
  },
  {
    "file": "daily_games/Bucknell_Army.png",
    "label": "Army at Bucknell"
  },
  {
    "file": "daily_games/Boston College_Pittsburgh.png",
    "label": "Pittsburgh at Boston College"
  },
  {
    "file": "daily_games/Bradley_Indiana St..png",
    "label": "Indiana St. at Bradley"
  },
  {
    "file": "daily_games/Presbyterian_Charleston Southern.png",
    "label": "Charleston Southern at Presbyterian"
  },
  {
    "file": "daily_games/Chattanooga_East Tennessee St..png",
    "label": "East Tennessee St. at Chattanooga"
  },
  {
    "file": "daily_games/Wright St._Cleveland St..png",
    "label": "Cleveland St. at Wright St."
  },
  {
    "file": "daily_games/Creighton_Xavier.png",
    "label": "Xavier at Creighton"
  },
  {
    "file": "daily_games/Davidson_Fordham.png",
    "label": "Fordham at Davidson"
  },
  {
    "file": "daily_games/Detroit Mercy_Purdue Fort Wayne.png",
    "label": "Purdue Fort Wayne at Detroit Mercy"
  },
  {
    "file": "daily_games/Drake_Murray St..png",
    "label": "Murray St. at Drake"
  },
  {
    "file": "daily_games/Florida Atlantic_Tulane.png",
    "label": "Tulane at Florida Atlantic"
  },
  {
    "file": "daily_games/The Citadel_Furman.png",
    "label": "Furman at The Citadel"
  },
  {
    "file": "daily_games/Longwood_Gardner Webb.png",
    "label": "Gardner Webb at Longwood"
  },
  {
    "file": "daily_games/Villanova_Georgetown.png",
    "label": "Georgetown at Villanova"
  },
  {
    "file": "daily_games/Navy_Holy Cross.png",
    "label": "Holy Cross at Navy"
  },
  {
    "file": "daily_games/Oakland_IU Indy.png",
    "label": "IU Indy at Oakland"
  },
  {
    "file": "daily_games/Illinois_Maryland.png",
    "label": "Maryland at Illinois"
  },
  {
    "file": "daily_games/Kentucky_Texas.png",
    "label": "Texas at Kentucky"
  },
  {
    "file": "daily_games/Mercer_Western Carolina.png",
    "label": "Western Carolina at Mercer"
  },
  {
    "file": "daily_games/Queens_North Alabama.png",
    "label": "North Alabama at Queens"
  },
  {
    "file": "daily_games/North Carolina_Notre Dame.png",
    "label": "Notre Dame at North Carolina"
  },
  {
    "file": "daily_games/Old Dominion_Troy.png",
    "label": "Troy at Old Dominion"
  },
  {
    "file": "daily_games/Richmond_Rhode Island.png",
    "label": "Rhode Island at Richmond"
  },
  {
    "file": "daily_games/Wichita St._East Carolina.png",
    "label": "East Carolina at Wichita St."
  },
  {
    "file": "daily_games/Sam Houston St._Kennesaw St..png",
    "label": "Kennesaw St. at Sam Houston St."
  },
  {
    "file": "daily_games/Western Kentucky_Liberty.png",
    "label": "Liberty at Western Kentucky"
  },
  {
    "file": "daily_games/Tulsa_Memphis.png",
    "label": "Memphis at Tulsa"
  },
  {
    "file": "daily_games/North Texas_UTSA.png",
    "label": "UTSA at North Texas"
  },
  {
    "file": "daily_games/Nebraska Omaha_South Dakota.png",
    "label": "South Dakota at Nebraska Omaha"
  },
  {
    "file": "daily_games/Rice_Temple.png",
    "label": "Temple at Rice"
  },
  {
    "file": "daily_games/Valparaiso_Southern Illinois.png",
    "label": "Southern Illinois at Valparaiso"
  },
  {
    "file": "daily_games/UT Arlington_Tarleton St..png",
    "label": "Tarleton St. at UT Arlington"
  },
  {
    "file": "daily_games/Southern Utah_Utah Valley.png",
    "label": "Utah Valley at Southern Utah"
  },
  {
    "file": "daily_games/Arizona St._West Virginia.png",
    "label": "West Virginia at Arizona St."
  },
  {
    "file": "daily_games/Arizona_Cincinnati.png",
    "label": "Cincinnati at Arizona"
  },
  {
    "file": "daily_games/New Mexico_Fresno St..png",
    "label": "Fresno St. at New Mexico"
  },
  {
    "file": "daily_games/Gonzaga_Pepperdine.png",
    "label": "Pepperdine at Gonzaga"
  },
  {
    "file": "daily_games/Illinois St._Northern Iowa.png",
    "label": "Northern Iowa at Illinois St."
  },
  {
    "file": "daily_games/Texas A&M_Mississippi St..png",
    "label": "Mississippi St. at Texas A&M"
  },
  {
    "file": "daily_games/Nebraska_Washington.png",
    "label": "Washington at Nebraska"
  },
  {
    "file": "daily_games/Syracuse_Virginia Tech.png",
    "label": "Virginia Tech at Syracuse"
  },
  {
    "file": "daily_games/San Diego_Washington St..png",
    "label": "Washington St. at San Diego"
  },
  {
    "file": "daily_games/Cal Baptist_Utah Tech.png",
    "label": "Utah Tech at Cal Baptist"
  },
  {
    "file": "daily_games/Seattle_Loyola Marymount.png",
    "label": "Loyola Marymount at Seattle"
  },
  {
    "file": "daily_games/Grand Canyon_San Diego St..png",
    "label": "San Diego St. at Grand Canyon"
  },
  {
    "file": "daily_games/USC_Northwestern.png",
    "label": "Northwestern at USC"
  },
  {
    "file": "daily_games/Saint Mary's_Oregon St..png",
    "label": "Oregon St. at Saint Mary's"
  },
  {
    "file": "daily_games/Penn St._Wisconsin.png",
    "label": "Wisconsin at Penn St."
  },
  {
    "file": "daily_games/UAB_South Florida.png",
    "label": "South Florida at UAB"
  },
  {
    "file": "daily_games/UC Davis_UC San Diego.png",
    "label": "UC San Diego at UC Davis"
  }
]